<?xml version="1.0" encoding="utf-8" standalone="yes"?>
<dictionary name="dictionary">
	<item name="labelsPageTitle">Blog</item>
	<item name="labelsEntityTitle">Blogs</item>
	<item name="labelsListformFilterIsActive">Filtering is active for the current view</item>
	<item name="labelsListformNoRecords">No Blogs in database</item>
	<item name="labelsListformNoMatchingRecords">No Blogs match your criteria</item>
	<item name="labelsFilterSectionTitle">Filter</item>
	<item name="labelsFilterSectionSubmit">Find</item>
	<item name="labelsFilterSectionReset">Reset</item>
	<item name="labelsSettingsSectionTitle">Settings</item>
	<item name="labelsSettingsSectionItemsPerPage">Items per page</item>
	<item name="labelsPagerPage">Page</item>
	<item name="labelsPagerPages">Pages</item>
	<item name="labelsPagerOf">of</item>
	<item name="labelsPagerEntity">Blogs</item>
	<item name="labelsPagerPreviousPage">Previous</item>
	<item name="labelsPagerNextPage">Next</item>
	<item name="columnsTitle">Title</item>
	<item name="columnsCdate">Created</item>
</dictionary>
