<?xml version="1.0" encoding="utf-8" standalone="yes" ?>

<dictionary name="dictionary">
	
    <group name="LABELS">
        <item name="pageTitle">Buddies - Groups</item>
        <item name="entityTitle">Buddies - Groups</item>
        <item name="actionsSectionIndex">Show all Groups</item>
        <item name="actionsSectionInsert">Create new Group</item>
        <item name="columnSortHref">Click to sort the list by this column</item>
    </group>
    
    
    <group name="HELPS">
        <item name="_index"> </item>
        <item name="_update"> </item>
        <item name="_insert"> </item>
    </group>
    
    
    <group name="INDEXVIEW">
        <item name="title">Overview</item>
        <item name="membersIndex">Show</item>
        <item name="batchDeleteSubmit">Delete selected</item>
        <item name="batchUpdateSubmit">Update list</item>
        <item name="filterIsActive">Filtering is active for the current view</item>
        <item name="noRecords">No Groups in database</item>
        <item name="noMatchingRecords">No Groups match your criteria</item>
        <item name="confirmDelete">Do you really want to delete the selected Groups?</item>
        <item name="confirmUpdate">Do you really want to update all Groups in the list?</item>
        <item name="filterSectionTitle">Filter</item>
        <item name="filterSectionSubmit">Find</item>
        <item name="filterSectionReset">Reset</item>
        <item name="settingsSectionTitle">Settings</item>
        <item name="settingsSectionSubmit">Set</item>
        <item name="settingsSectionReset">Reset</item>
        <item name="settingsSectionItemsPerPage">Items per page</item>
    </group>
    
    
    <group name="INDEXVIEWCOLUMNS">
        <item name="name">Name</item>
        <item name="locked">Locked</item>
        <item name="enabled">Enabled</item>
        <item name="memberAction">Members</item>
    </group>
    
    
    <group name="FORMVIEW">
        <item name="childActionsSectionMembersIndex">Members</item>
        <item name="insertTitle">New Group</item>
        <item name="updateTitle">Update Group</item>
        <item name="insertSubmit">Save</item>
        <item name="updateSubmit">Save changes</item>
    </group>
    
    
    <group name="FORMVIEWFIELDS">
        <item name="name">Name</item>
        <item name="locked">Locked</item>
        <item name="enabled">Enabled</item>
    </group>
    
    
    <group name="PAGER">
        <item name="page">Page</item>
        <item name="pages">Pages</item>
        <item name="of">of</item>
        <item name="entity">Records</item>
        <item name="previousPage">Previous</item>
        <item name="nextPage">Next</item>
    </group>
    
    
    <group name="HINTS">
        <item name="invalidRequest">Invalid request</item>
        <item name="nameExists">There is already a group with the same name</item>
        <item name="nameRequired">Name: Input required</item>
        <item name="nameInvalid">Only the characters a-z, A-Z and 0-9 are allowed in names</item>
    </group>
    
</dictionary>