<?xml version="1.0" encoding="utf-8" standalone="yes" ?>

<dictionary name="dictionary">

    <group name="LABELS">
        <item name="pageTitle">Gesperrter Bereich</item>
        <item name="info">Geben Sie einen für dieses System gültigen Benutzernamen und Passwort ein. Auf Gross- und Kleinschreibung muss geachtet werden.</item>
        <item name="orgField">Organisation</item>
        <item name="loginuField">Benutzer</item>
        <item name="loginpField">Passwort</item>
        <item name="submit">Anmelden</item>
    </group>

</dictionary>