<?xml version="1.0" encoding="utf-8" standalone="yes" ?>

<dictionary name="dictionary">

    <group name="LABELS">
        <item name="pageTitle">Authorization required</item>
        <item name="info">Enter a user name and password that is valid for this system. Letters in passwords must be typed using the correct case. Make sure that caps lock is not accidently on.</item>
        <item name="orgField">Organization</item>
        <item name="loginuField">User</item>
        <item name="loginpField">Password</item>
        <item name="submit">Sign In</item>
    </group>
    
</dictionary>