<?xml version="1.0" encoding="utf-8" standalone="yes"?>
<dictionary name="dictionary">
	<item name="labelsPageTitle">Newsletter - Attachments</item>
	<item name="labelsEntityTitle">Newsletter - Attachments</item>
	<item name="labelsActionsSectionIndex">Show all Attachments</item>
	<item name="labelsActionsSectionInsert">Create new Attachment</item>
	<item name="labelsActionsSectionUpload">Batch Upload</item>
	<item name="labelsActionsSectionAssign">Show Uploads</item>
	<item name="labelsColumnSortHref">Click to sort the list by this column</item>
	<item name="helps_index"/>
	<item name="helps_update"/>
	<item name="helps_insert"/>
	<item name="helps_upload"/>
	<item name="helps_assign"/>
	<item name="indexViewTitle">Overview</item>
	<item name="indexViewBatchDeleteSubmit">Delete selected</item>
	<item name="indexViewBatchUpdateSubmit">Update list</item>
	<item name="indexViewFilterIsActive">Filtering is active for the current view</item>
	<item name="indexViewNoRecords">No Attachments in database</item>
	<item name="indexViewNoMatchingRecords">No Attachments match your criteria</item>
	<item name="indexViewConfirmDelete">Do you really want to delete the selected Attachments?</item>
	<item name="indexViewConfirmUpdate">Do you really want to update all Attachments in the list?</item>
	<item name="indexViewFilterSectionTitle">Filter</item>
	<item name="indexViewFilterSectionSubmit">Find</item>
	<item name="indexViewFilterSectionReset">Reset</item>
	<item name="indexViewSettingsSectionTitle">Settings</item>
	<item name="indexViewSettingsSectionSubmit">Set</item>
	<item name="indexViewSettingsSectionReset">Reset</item>
	<item name="indexViewSettingsSectionItemsPerPage">Items per page</item>
	<item name="indexViewColumnsTitle">Title</item>
	<item name="indexViewColumnsFile1OriginalElement">Copy/Past URL</item>
	<item name="indexViewColumnsCdate">Created</item>
	<item name="formViewInsertTitle">New Attachment</item>
	<item name="formViewUpdateTitle">Update Attachment</item>
	<item name="formViewInsertSubmit">Save</item>
	<item name="formViewUpdateSubmit">Save changes</item>
	<item name="formViewInputRequired">Fields marked with red are required</item>
	<item name="formViewFieldsTitle">Title</item>
	<item name="formViewFieldsFile1Original">File Upload</item>
	<item name="formViewFieldsFile1OriginalHint">Format gif, jpg, doc, xls oder pdf</item>
	<item name="assignViewAssignFormTitle">Uploads</item>
	<item name="assignViewBatchAssignSubmit">Assign Configured Uploads</item>
	<item name="assignViewBatchUnlinkSubmit">Delete Selected Uploads</item>
	<item name="assignViewNoUploads">No Uploads available</item>
	<item name="assignViewConfirmAssign">Do you really want to assign all configured Uploads in the list?</item>
	<item name="assignViewConfirmUnlink">Do you really want to delete all selected Uploads in the list?</item>
	<item name="assignViewcolumnsName">Name</item>
	<item name="assignViewcolumnsSize">Size</item>
	<item name="assignViewcolumnsType">Type</item>
	<item name="assignViewcolumnsUdate">Uploaded</item>
	<item name="uploadViewUploadFormTitle">Batch Upload</item>
	<item name="pagerPage">Page</item>
	<item name="pagerPages">Pages</item>
	<item name="pagerOf">of</item>
	<item name="pagerEntity">Records</item>
	<item name="pagerPreviousPage">Previous</item>
	<item name="pagerNextPage">Next</item>
	<item name="hintsTitleRequired">Title: Input required</item>
	<item name="hintsFile1OriginalRequired">Please select a file to upload</item>
	<item name="hintsFile1OriginalFiletype">File Upload: Wrong format</item>
	<item name="hintsFile1OriginalFilesize">File Upload: Filesize exceeded</item>
</dictionary>
