<?xml version="1.0" encoding="utf-8" standalone="yes"?>
<dictionary name="dictionary">
	<item name="labelsPageTitle">Permiso - Groups</item>
	<item name="labelsEntityTitle">Permiso - Groups</item>
	<item name="labelsActionsSectionIndex">Show all Groups</item>
	<item name="labelsActionsSectionInsert">Create new Group</item>
	<item name="labelsColumnSortHref">Click to sort the list by this column</item>
	<item name="helps_index"/>
	<item name="helps_update"/>
	<item name="helps_insert"/>
	<item name="indexViewTitle">Overview</item>
	<item name="indexViewMembersIndex">Show</item>
	<item name="indexViewBatchDeleteSubmit">Delete selected</item>
	<item name="indexViewBatchUpdateSubmit">Update list</item>
	<item name="indexViewFilterIsActive">Filtering is active for the current view</item>
	<item name="indexViewNoRecords">No Groups in database</item>
	<item name="indexViewNoMatchingRecords">No Groups match your criteria</item>
	<item name="indexViewConfirmDelete">Do you really want to delete the selected Groups?</item>
	<item name="indexViewConfirmUpdate">Do you really want to update all Groups in the list?</item>
	<item name="indexViewFilterSectionTitle">Filter</item>
	<item name="indexViewFilterSectionSubmit">Find</item>
	<item name="indexViewFilterSectionReset">Reset</item>
	<item name="indexViewSettingsSectionTitle">Settings</item>
	<item name="indexViewSettingsSectionSubmit">Set</item>
	<item name="indexViewSettingsSectionReset">Reset</item>
	<item name="indexViewSettingsSectionItemsPerPage">Items per page</item>
	<item name="indexViewColumnsName">Name</item>
	<item name="indexViewColumnsLocked">Locked</item>
	<item name="indexViewColumnsEnabled">Enabled</item>
	<item name="indexViewColumnsMemberAction">Members</item>
	<item name="formViewChildActionsSectionMembersIndex">Members</item>
	<item name="formViewInsertTitle">New Group</item>
	<item name="formViewUpdateTitle">Update Group</item>
	<item name="formViewInsertSubmit">Save</item>
	<item name="formViewUpdateSubmit">Save changes</item>
	<item name="formViewFieldsName">Name</item>
	<item name="formViewFieldsLocked">Locked</item>
	<item name="formViewFieldsEnabled">Enabled</item>
	<item name="pagerPage">Page</item>
	<item name="pagerPages">Pages</item>
	<item name="pagerOf">of</item>
	<item name="pagerEntity">Records</item>
	<item name="pagerPreviousPage">Previous</item>
	<item name="pagerNextPage">Next</item>
	<item name="hintsInvalidRequest">Invalid request</item>
	<item name="hintsNameExists">There is already a group with the same name</item>
	<item name="hintsNameRequired">Name: Input required</item>
	<item name="hintsNameInvalid">Only the characters a-z, A-Z and 0-9 are allowed in names</item>
</dictionary>
