<?xml version="1.0" encoding="utf-8" standalone="yes" ?>

<dictionary name="dictionary">
    
    <group name="LABELS">
        <item name="entityTitle">Mitgliedschaften</item>
        <item name="listformTitle">Mitgliedschaften</item>
        <item name="listformColumnSortHref">Liste nach dieser Spalte sortieren</item>
        <item name="listformBatchDeleteSubmit">Einträge löschen</item>
        <item name="listformBatchUpdateSubmit">Liste aktualisieren</item>
        <item name="listformFilterIsActive">Für die aktuelle Ansicht ist der Filter aktiviert</item>
        <item name="listformNoRecords">Dieser Benutzer verfügt über keine Mitgliedschaften</item>
        <item name="listformNoMatchingRecords">Es entsprechen keine Mitgliedschaften Ihren Kriterien</item>
        <item name="listformConfirmDelete">Wollen Sie wirklich alle angewählten Mitgliedschaften löschen?</item>
        <item name="listformConfirmUpdate">Wollen Sie wirklich alle Mitgliedschaften in dieser Liste aktualisieren?</item>
        <item name="viewformInsertTitle">Neue Mitgliedschaft</item>
        <item name="viewformUpdateTitle">Mitgliedschaft bearbeiten</item>
        <item name="viewformInsertSubmit">Sichern</item>
        <item name="viewformUpdateSubmit">Änderungen sichern</item>
        <item name="viewformInputRequired">Mit rot markierte Felder müssen ausgefüllt werden</item>
        <item name="actionsSectionIndex">Mitgliedschaften anzeigen</item>
        <item name="actionsSectionInsert">Neue Mitgliedschaft für diesen Benutzer erstellen</item>
        <item name="filterSectionTitle">Filter</item>
        <item name="filterSectionSubmit">Finde</item>
        <item name="filterSectionReset">Zurückstellen</item>
        <item name="settingsSectionTitle">Einstellungen</item>
        <item name="settingsSectionSubmit">Speichern</item>
        <item name="settingsSectionReset">Zurückstellen</item>
        <item name="settingsSectionItemsPerPage">Einträge pro Seite</item>
        <item name="pagerPage">Seite</item>
        <item name="pagerPages">Seiten</item>
        <item name="pagerOf">von</item>
        <item name="pagerEntity">Einträgen</item>
        <item name="pagerPreviousPage">Vorherige</item>
        <item name="pagerNextPage">Nächste</item>
    </group>
    
    <group name="BREADCRUMBS">
        <item name="title">Permiso</item>
        <item name="userEntity">Benutzer</item>
    </group>
    
    <group name="HELPS">
        <item name="index"> </item>
        <item name="update"> </item>
        <item name="insert"> </item>
    </group>
    
    <group name="COLUMNS">
        <item name="locked">Gesperrt</item>
        <item name="enabled">Aktiviert</item>
        <item name="cdate">Erstellt</item>
        <item name="name">Name</item>
    </group>
    
    <group name="FIELDS">
        <item name="groupId">Gruppe</item>
    </group>
    
    <group name="FIELDVALS">
        <group name="enabled">
            <item name="0">Nein</item>
            <item name="1">Ja</item>
        </group>
        
        <group name="locked">
            <item name="0">Nein</item>
            <item name="1">Ja</item>
        </group>
        
        <group name="select">
            <item name="noneSelected">Wählen</item>
        </group>
    </group>
    
    <group name="HINTS">
        <item name="invalidRequest">Unzulässige Aktion</item>
        <item name="accessDenied">Zugriff verweigert</item>
        <item name="groupIdRequired">Gruppe: Bitte eine Gruppe wählen</item>
        <item name="membershipExists">Dieser Benutzer ist bereits Mitglied in der gewählten Gruppe</item>
    </group>

</dictionary>

