<?xml version="1.0" encoding="utf-8" standalone="yes" ?>

<dictionary name="dictionary">
    
    <group name="LABELS">
        <item name="backendHome">Home</item>
        <item name="buddiesBackendUsers">Users</item>
        <item name="buddiesBackendGroups">Groups</item>
    </group>
    
    <group name="BREADCRUMBS">
        <item name="title">Buddies</item>
        <item name="userEntity">Users</item>
        <item name="groupEntity">Groups</item>
        <item name="membershipEntity">Memberships</item>
        <item name="memberEntity">Members</item>
    </group>

</dictionary>

