<?xml version="1.0" encoding="utf-8" standalone="yes" ?>

<dictionary name="dictionary">
    
    <group name="LABELS">
        <item name="entityTitle">Groups</item>
        <item name="actionsSectionIndex">Show all groups</item>
        <item name="actionsSectionInsert">Create new group</item>
        <item name="childActionsSectionMembersIndex">Show members</item>
        <item name="childActionsSectionMembersInsert">Add member</item>
        <item name="listformTitle">Overview</item>
        <item name="listformMembersIndex">Show</item>
        <item name="listformMembersInsert">New</item>
        <item name="listformColumnSortHref">Click to sort the list by this column</item>
        <item name="listformBatchDeleteSubmit">Delete selected</item>
        <item name="listformBatchUpdateSubmit">Update list</item>
        <item name="listformFilterIsActive">Filtering is active for the current view</item>
        <item name="listformNoRecords">No groups in database</item>
        <item name="listformNoMatchingRecords">No groups match your criteria</item>
        <item name="listformConfirmDelete">Do you really want to delete the selected groups?</item>
        <item name="listformConfirmUpdate">Do you really want to update all groups in the list?</item>
        <item name="viewformInsertTitle">New group</item>
        <item name="viewformUpdateTitle">Update group</item>
        <item name="viewformInsertSubmit">Save</item>
        <item name="viewformUpdateSubmit">Save changes</item>
        <item name="viewformInputRequired">Fields marked with red are required</item>
        <item name="filterSectionTitle">Filter</item>
        <item name="filterSectionSubmit">Find</item>
        <item name="filterSectionReset">Reset</item>
        <item name="settingsSectionTitle">Settings</item>
        <item name="settingsSectionSubmit">Set</item>
        <item name="settingsSectionReset">Reset</item>
        <item name="settingsSectionItemsPerPage">Items per page</item>
        <item name="pagerPage">Page</item>
        <item name="pagerPages">Pages</item>
        <item name="pagerOf">of</item>
        <item name="pagerEntity">Records</item>
        <item name="pagerPreviousPage">Previous</item>
        <item name="pagerNextPage">Next</item>
    </group>
    
    <group name="HELPS">
        <item name="index"> </item>
        <item name="update"> </item>
        <item name="insert"> </item>
    </group>

    <group name="COLUMNS">
        <item name="locked">Locked</item>
        <item name="enabled">Enabled</item>
        <item name="cdate">Created</item>
        <item name="name">Name</item>
        <item name="memberAction">Members</item>
    </group>
    
    <group name="FIELDS">
        <item name="name">Name</item>
        <item name="description">Description</item>
        <item name="locked">Locked</item>
        <item name="enabled">Enabled</item>
    </group>
    
    <group name="FIELDVALS">
        <group name="enabled">
            <item name="0">No</item>
            <item name="1">Yes</item>
        </group>
        
        <group name="locked">
            <item name="0">No</item>
            <item name="1">Yes</item>
        </group>
    </group>
    
    <group name="HINTS">
        <item name="invalidRequest">Invalid request</item>
        <item name="nameExists">There is already a group with the same name</item>
        <item name="nameRequired">Name: Input required</item>
        <item name="nameInvalid">Only the characters a-z, A-Z and 0-9 are allowed in names</item>
    </group>
    
</dictionary>

