<?xml version="1.0" encoding="utf-8" standalone="yes"?>
<dictionary name="dictionary">
	<item name="labelsPageTitle">Permiso - Users</item>
	<item name="labelsEntityTitle">Permiso - Users</item>
	<item name="labelsActionsSectionIndex">Show all Users</item>
	<item name="labelsActionsSectionInsert">Create new User</item>
	<item name="labelsColumnSortHref">Click to sort the list by this column</item>
	<item name="helps_index"/>
	<item name="helps_update"/>
	<item name="helps_insert"/>
	<item name="indexViewTitle">Overview</item>
	<item name="indexViewMembershipsIndex">Show</item>
	<item name="indexViewBatchDeleteSubmit">Delete selected</item>
	<item name="indexViewBatchUpdateSubmit">Update list</item>
	<item name="indexViewFilterIsActive">Filtering is active for the current view</item>
	<item name="indexViewNoRecords">No Users in database</item>
	<item name="indexViewNoMatchingRecords">No Users match your criteria</item>
	<item name="indexViewConfirmDelete">Do you really want to delete the selected Users?</item>
	<item name="indexViewConfirmUpdate">Do you really want to update all Users in the list?</item>
	<item name="indexViewFilterSectionTitle">Filter</item>
	<item name="indexViewFilterSectionSubmit">Find</item>
	<item name="indexViewFilterSectionReset">Reset</item>
	<item name="indexViewSettingsSectionTitle">Settings</item>
	<item name="indexViewSettingsSectionSubmit">Set</item>
	<item name="indexViewSettingsSectionReset">Reset</item>
	<item name="indexViewSettingsSectionItemsPerPage">Items per page</item>
	<item name="indexViewColumnsName">E-Mail</item>
	<item name="indexViewColumnsNickname">Nickname</item>
	<item name="indexViewColumnsFirstname">First Name</item>
	<item name="indexViewColumnsLastname">Last Name</item>
	<item name="indexViewColumnsEnabled">Enabled</item>
	<item name="indexViewColumnsLocked">Locked</item>
	<item name="indexViewColumnsLastLogin">Last Login</item>
	<item name="indexViewColumnsMembershipAction">Memberships</item>
	<item name="formViewChildActionsSectionMembershipsIndex">Memberships</item>
	<item name="formViewInsertTitle">New User</item>
	<item name="formViewUpdateTitle">Update User</item>
	<item name="formViewInsertSubmit">Save</item>
	<item name="formViewUpdateSubmit">Save changes</item>
	<item name="formViewDateSectionLastLogin">LastLogin</item>
	<item name="formViewFieldsName">E-Mail</item>
	<item name="formViewFieldsNickname">Nickname</item>
	<item name="formViewFieldsFirstname">First Name</item>
	<item name="formViewFieldsLastname">Last Name</item>
	<item name="formViewFieldsPassword">Password</item>
	<item name="formViewFieldsPasswordConfirm">Confirm Password</item>
	<item name="formViewFieldsDescription">Description</item>
	<item name="formViewFieldsCountry">Country</item>
	<item name="formViewFieldsTimezone">Timezone</item>
	<item name="formViewFieldsNewsletter">Newsletter</item>
	<item name="formViewFieldsLanguage">Language</item>
	<item name="formViewFieldsEnabled">Enabled</item>
	<item name="formViewFieldsLocked">Locked</item>
	<item name="formViewFieldsAvatarOriginal">Avatar</item>
	<item name="formViewFieldsAvatarOriginalHint">Format gif or jpg</item>
	<item name="formViewFieldsNotifyNewUser">Notify New User</item>
	<item name="fieldValsCountryNoneSelected">Select country</item>
	<item name="pagerPage">Page</item>
	<item name="pagerPages">Pages</item>
	<item name="pagerOf">of</item>
	<item name="pagerEntity">Users</item>
	<item name="pagerPreviousPage">Previous</item>
	<item name="pagerNextPage">Next</item>
	<item name="notifynewusermailSubject">Welcome to %site%</item>
	<item name="notifynewusermailBody">We have just created a new user account for you on %site%. Please use the following information to log into your account:
        
        User: %user%
        Password: %password%</item>
</dictionary>
