<?xml version="1.0" encoding="utf-8" standalone="yes"?>
<dictionary name="dictionary">
	<item name="labelsCurrentOrganization">Organisation</item>
	<item name="labelsCurrentUser">Eingeloggt als:</item>
	<item name="labelsLastLogin">Letztes Login</item>
	<item name="labelsSignOut">Abmelden</item>
	<item name="labelsStatusSectionTitle">Status</item>
	<item name="viewFormMetaSectionTitle">Einstellungen</item>
	<item name="viewFormMetaSectionEnabledField">Aktiviert</item>
	<item name="viewFormMetaSectionLockedField">Gesperrt</item>
	<item name="viewFormDateSectionCdate">Erstellt</item>
	<item name="viewFormDateSectionMdate">Geändert</item>
	<item name="viewFormFileInfoDoctype">Dokument Typ</item>
	<item name="viewFormFileInfoFilesize">Dateigrösse</item>
	<item name="viewFormFileInfoSourcename">Ursprünglicher Name</item>
	<item name="viewFormFileInfoFilename">Dateiname</item>
	<item name="viewFormFileInfoWidth">Breite</item>
	<item name="viewFormFileInfoHeight">Höhe</item>
	<item name="viewFormFileInfoRemoveFile">Datei entfernen</item>
	<item name="viewFormPermissionSectionTitle">Besitzer und Zugriffsrechte</item>
	<item name="viewFormPermissionSectionUid">Besitzer</item>
	<item name="viewFormPermissionSectionGid">Gruppe</item>
	<item name="viewFormPermissionSectionRead">Anzeigen</item>
	<item name="viewFormPermissionSectionUpdate">Aktualisieren</item>
	<item name="viewFormPermissionSectionDelete">Löschen</item>
	<item name="viewFormPermissionSectionWorld">Jedermann</item>
	<item name="statusForbidden">Authorisierung erforderlich</item>
	<item name="statusNotFound">Das verlangte Dokument konnte nicht gefunden werden</item>
	<item name="statusBadRequest">Ungültige Anfrage</item>
	<item name="statusInternalServerError">Ein Systemfehler ist aufgetreten</item>
	<item name="statusMethodNotSupported">Diese Funktion ist nicht unterstützt</item>
	<item name="statusNotImplemented">Diese Funktion ist nicht implementiert</item>
	<item name="statusErrorInput">Eingabefehler</item>
	<item name="statusOkInput">Eingaben Ok</item>
	<item name="statusErrorImport">Datei konnte nicht importiert werden</item>
	<item name="statusOkImport">Datei wurde erfolgreich importiert</item>
	<item name="statusErrorInsert">Eintrag konnte nicht erstellt werden</item>
	<item name="statusOkInsert">Eintrag erfolgreich erstellt</item>
	<item name="statusErrorUpdate">Eintrag konnte nicht aktualisiert werden</item>
	<item name="statusOkUpdate">Eintrag erfolgreich aktualisiert</item>
	<item name="statusErrorDelete">Eintrag konnte nicht gelöscht werden</item>
	<item name="statusOkDelete">Eintrag erfolgreich gelöscht</item>
	<item name="statusErrorUnlink">Datei konnte nicht gelöscht werden</item>
	<item name="statusOkUnlink">Datei erfolgreich gelöscht</item>
	<item name="statusErrorBatchDelete">Ein oder mehrere Einträge konnten nicht gelöscht werden</item>
	<item name="statusOkBatchDelete">Ein oder mehrere Einträge erfolgreich gelöscht</item>
	<item name="statusErrorBatchUnlink">Eine oder mehrere Dateien konnten nicht gelöscht werden</item>
	<item name="statusOkBatchUnlink">Eine oder mehrere Dateien erfolgreich gelöscht</item>
	<item name="statusErrorBatchUpdate">Ein oder mehrere Einträge konnten nicht aktualisiert werden</item>
	<item name="statusOkBatchUpdate">Ein oder mehrere Einträge erfolgreich aktualisiert</item>
	<item name="statusErrorBatchAssign">Ein oder mehrere Files konnten nicht zugeordnet werden</item>
	<item name="statusOkBatchAssign">Ein oder mehrere Files erfolgreich zugeordnet</item>
	<item name="statusErrorUploadExists">Datei existiert</item>
	<item name="statusErrorUploadSizeExceeded">Maximale Grösse überschritten</item>
	<item name="statusErrorUploadIncomplete">Upload unvollständig</item>
	<item name="statusErrorUploadNoFile">Keine Upload Datei</item>
	<item name="statusErrorUpload">Upload Fehler</item>
	<item name="hintsInvalidAction">Unerlaubte Aktion</item>
	<item name="hintsDataExpired">Die Version der Daten die Sie zu aktualisieren versuchen ist abgelaufen. Bitte fordern Sie die Daten neu an.</item>
	<item name="languagesEn">Englisch</item>
	<item name="languagesDe">Deutsch</item>
	<item name="languagesFr">Französisch</item>
	<item name="languagesIt">Italienisch</item>
	<item name="languagesEs">Spanisch</item>
	<item name="weekdaysMon">Montag</item>
	<item name="weekdaysTue">Dienstag</item>
	<item name="weekdaysWed">Mittwoch</item>
	<item name="weekdaysThu">Donnerstag</item>
	<item name="weekdaysFri">Freitag</item>
	<item name="weekdaysSat">Samstag</item>
	<item name="weekdaysSun">Sonntag</item>
	<item name="monthsJan">Januar</item>
	<item name="monthsFeb">Februar</item>
	<item name="monthsMar">März</item>
	<item name="monthsApr">April</item>
	<item name="monthsMai">Mai</item>
	<item name="monthsJun">Juni</item>
	<item name="monthsJul">Juli</item>
	<item name="monthsAug">August</item>
	<item name="monthsSep">September</item>
	<item name="monthsOct">Oktober</item>
	<item name="monthsNov">November</item>
	<item name="monthsDec">Dezember</item>
</dictionary>
