<?xml version="1.0" encoding="utf-8" standalone="yes"?>
<dictionary name="dictionary">
	<item name="labelsCurrentOrganization">Organization</item>
	<item name="labelsCurrentUser">Logged In As</item>
	<item name="labelsLastLogin">Last Login</item>
	<item name="labelsSignOut">Sign out</item>
	<item name="labelsStatusSectionTitle">Status</item>
	<item name="viewFormMetaSectionTitle">Settings</item>
	<item name="viewFormMetaSectionEnabledField">Enabled</item>
	<item name="viewFormMetaSectionLockedField">Locked</item>
	<item name="viewFormDateSectionCdate">Created</item>
	<item name="viewFormDateSectionMdate">Modified</item>
	<item name="viewFormFileInfoDoctype">Document type</item>
	<item name="viewFormFileInfoFilesize">Filesize</item>
	<item name="viewFormFileInfoSourcename">Original name</item>
	<item name="viewFormFileInfoFilename">Filename</item>
	<item name="viewFormFileInfoWidth">Width</item>
	<item name="viewFormFileInfoHeight">Height</item>
	<item name="viewFormFileInfoRemoveFile">Remove File</item>
	<item name="viewFormPermissionSectionTitle">Owner and Permissions</item>
	<item name="viewFormPermissionSectionUid">Owner</item>
	<item name="viewFormPermissionSectionGid">Group</item>
	<item name="viewFormPermissionSectionRead">Read</item>
	<item name="viewFormPermissionSectionUpdate">Update</item>
	<item name="viewFormPermissionSectionDelete">Delete</item>
	<item name="viewFormPermissionSectionWorld">World</item>
	<item name="statusForbidden">Authentication required</item>
	<item name="statusNotFound">The requested Document could not be found</item>
	<item name="statusBadRequest">Bad request</item>
	<item name="statusInternalServerError">A system error has occured</item>
	<item name="statusMethodNotSupported">Unsupported function call</item>
	<item name="statusNotImplemented">Not implemented</item>
	<item name="statusErrorInput">Input error</item>
	<item name="statusOkInput">Input Ok</item>
	<item name="statusErrorImport">File could not be imported</item>
	<item name="statusOkImport">File has been successfully imported</item>
	<item name="statusErrorInsert">Record could not be created</item>
	<item name="statusOkInsert">Record successfully created</item>
	<item name="statusErrorUpdate">Record could not be updated</item>
	<item name="statusOkUpdate">Record successfully updated</item>
	<item name="statusErrorDelete">Record could not be deleted</item>
	<item name="statusOkDelete">Record successfully deleted</item>
	<item name="statusErrorUnlink">File could not be deleted</item>
	<item name="statusOkUnlink">File successfully deleted</item>
	<item name="statusErrorBatchDelete">One or more records could not be deleted</item>
	<item name="statusOkBatchDelete">One or more records successfully deleted</item>
	<item name="statusErrorBatchUnlink">One or more files could not be deleted</item>
	<item name="statusOkBatchUnlink">One or more files successfully deleted</item>
	<item name="statusErrorBatchInsert">One or more records could not be created</item>
	<item name="statusOkBatchInsert">One or more records successfully created</item>
	<item name="statusErrorBatchUpdate">One or more records could not be updated</item>
	<item name="statusOkBatchUpdate">One or more records successfully updated</item>
	<item name="statusErrorBatchAssign">One or more files could not be assigned</item>
	<item name="statusOkBatchAssign">One or more files successfully assigned</item>
	<item name="statusErrorUploadExists">File exists</item>
	<item name="statusErrorUploadSizeExceeded">Max Size Exceeded</item>
	<item name="statusErrorUploadIncomplete">Partial uploaded only</item>
	<item name="statusErrorUploadNoFile">No file was uploaded</item>
	<item name="statusErrorUpload">Upload error</item>
	<item name="hintsInvalidAction">Unauthorized Action</item>
	<item name="hintsDataExpired">The version of data you are trying to modify has been expired. Please reload the data.</item>
	<item name="languagesEn">English</item>
	<item name="languagesDe">German</item>
	<item name="languagesFr">French</item>
	<item name="languagesIt">Italian</item>
	<item name="languagesEs">Spanish</item>
	<item name="weekdaysMon">Monday</item>
	<item name="weekdaysTue">Tuesday</item>
	<item name="weekdaysWed">Wednesday</item>
	<item name="weekdaysThu">Thursday</item>
	<item name="weekdaysFri">Friday</item>
	<item name="weekdaysSat">Saturday</item>
	<item name="weekdaysSun">Sunday</item>
	<item name="monthsJan">January</item>
	<item name="monthsFeb">February</item>
	<item name="monthsMar">March</item>
	<item name="monthsApr">April</item>
	<item name="monthsMai">Mai</item>
	<item name="monthsJun">June</item>
	<item name="monthsJul">July</item>
	<item name="monthsAug">August</item>
	<item name="monthsSep">September</item>
	<item name="monthsOct">October</item>
	<item name="monthsNov">November</item>
	<item name="monthsDec">December</item>
	
	<item name="countriesDz">Algeria</item>
	<item name="countriesAr">Argentina</item>
	<item name="countriesAu">Australia</item>
	<item name="countriesBe">Belgium</item>
	<item name="countriesBr">Brazil</item>
	<item name="countriesBg">Bulgaria</item>
	<item name="countriesCl">Chile</item>
	<item name="countriesCn">China</item>
	<item name="countriesTw">Taiwan</item>
	<item name="countriesDk">Denmark</item>
	<item name="countriesDe">Germany</item>
	<item name="countriesFi">Finland</item>
	<item name="countriesFr">France</item>
	<item name="countriesGr">Greece</item>
	<item name="countriesGb">Great Britain</item>
	<item name="countriesHk">Hong Kong</item>
	<item name="countriesIn">India</item>
	<item name="countriesIe">Ireland</item>
	<item name="countriesIs">Iceland</item>
	<item name="countriesIl">Israel</item>
	<item name="countriesIt">Italy</item>
	<item name="countriesJp">Japan</item>
	<item name="countriesCa">Canada</item>
	<item name="countriesCo">Colombia</item>
	<item name="countriesKr">South Korea</item>
	<item name="countriesHr">Croatia</item>
	<item name="countriesLv">Latvia</item>
	<item name="countriesLu">Luxembourg</item>
	<item name="countriesMy">Malaysia</item>
	<item name="countriesMa">Morocco</item>
	<item name="countriesNz">New Zealand</item>
	<item name="countriesNl">Netherlands</item>
	<item name="countriesNo">Norway</item>
	<item name="countriesAt">Austria</item>
	<item name="countriesPe">Peru</item>
	<item name="countriesPh">Philippines</item>
	<item name="countriesPl">Poland</item>
	<item name="countriesPt">Portugal</item>
	<item name="countriesRo">Romania</item>
	<item name="countriesRu">Russian Federation</item>
	<item name="countriesSe">Sweden</item>
	<item name="countriesCs">Serbia / Montenegro</item>
	<item name="countriesSg">Singapur</item>
	<item name="countriesSk">Slovak Republic</item>
	<item name="countriesSi">Slovenia</item>
	<item name="countriesEs">Spain</item>
	<item name="countriesZa">South Africa</item>
	<item name="countriesTh">Thailand</item>
	<item name="countriesCz">Czech Republic</item>
	<item name="countriesTn">Tunisia</item>
	<item name="countriesTr">Turkey</item>
	<item name="countriesUa">Ukraine</item>
	<item name="countriesHu">Hungary</item>
	<item name="countriesUs">United States of America</item>
	<item name="countriesCh">Switzerland</item>
</dictionary>
