<?xml version="1.0" encoding="utf-8" standalone="yes" ?>

<dictionary name="dictionary">
	
    <group name="STATUS">
        <item name="okInsert">Account successfully created</item>
        <item name="errorInsert">Account could not be created</item>
        <item name="okUpdate">Account successfully updated</item>
        <item name="errorUpdate">Account could not be updated</item>
    </group>
    
    <group name="HINTS">
        <item name="invalidAction">Invalid action</item>
        <item name="invalidRequest">Invalid request</item>
        <item name="firstnameRequired">First Name: input required</item>
        <item name="lastnameRequired">Last Name: input required</item>
        <item name="nameExists">There is already an Account for this E-Mail Address</item>
        <item name="nameRequired">E-Mail: input required</item>
        <item name="nameValidEmailRequired">E-Mail: Valid E-Mail address required</item>
        <item name="nicknameExists">Nickname already taken</item>
        <item name="nicknameRequired">Nickname: input required</item>
        <item name="passwordRequired">Password: input required</item>
        <item name="passwordWordCharsOnly">Only the characters a-z, A-Z and 0-9 are allowed in passwords</item>
        <item name="passwordsDontMatch">Passwords don&apos;t match</item>
    </group>
	
</dictionary>

