<?xml version="1.0" encoding="utf-8" standalone="yes" ?>

<dictionary name="dictionary">
	
    <group name="LABELS">
        <item name="pageTitle">Buddies - Memberships</item>
        <item name="entityTitle">Buddies - Memberships</item>
        <item name="actionsSectionIndex">Show all Memberships</item>
        <item name="actionsSectionInsert">Add Membership</item>
        <item name="columnSortHref">Click to sort the list by this column</item>
    </group>
    
    
    <group name="HELPS">
        <item name="_index"> </item>
        <item name="_update"> </item>
        <item name="_insert"> </item>
    </group>
    
    
    <group name="INDEXVIEW">
        <item name="title">Overview</item>
        <item name="batchDeleteSubmit">Delete selected</item>
        <item name="batchUpdateSubmit">Update list</item>
        <item name="filterIsActive">Filtering is active for the current view</item>
        <item name="noRecords">No Memberships in database</item>
        <item name="noMatchingRecords">No Memberships match your criteria</item>
        <item name="confirmDelete">Do you really want to delete the selected Memberships?</item>
        <item name="confirmUpdate">Do you really want to update all Memberships in the list?</item>
        <item name="filterSectionTitle">Filter</item>
        <item name="filterSectionSubmit">Find</item>
        <item name="filterSectionReset">Reset</item>
        <item name="settingsSectionTitle">Settings</item>
        <item name="settingsSectionSubmit">Set</item>
        <item name="settingsSectionReset">Reset</item>
        <item name="settingsSectionItemsPerPage">Items per page</item>
    </group>
    
    
    <group name="INDEXVIEWCOLUMNS">
        <item name="name">Group</item>
        <item name="locked">Locked</item>
    </group>
    
    
    <group name="FORMVIEW">
        <item name="insertTitle">New Membership</item>
        <item name="updateTitle">Update Membership</item>
        <item name="insertSubmit">Save</item>
        <item name="updateSubmit">Save changes</item>
    </group>
    
    
    <group name="FORMVIEWFIELDS">
        <item name="groupId">Group</item>
        <item name="locked">Locked</item>
    </group>
    
    
    <group name="FIELDVALS">
        <group name="groupId">
            <item name="noneSelected">Select group</item>
        </group>
    </group>
    
    
    <group name="PAGER">
        <item name="page">Page</item>
        <item name="pages">Pages</item>
        <item name="of">of</item>
        <item name="entity">Records</item>
        <item name="previousPage">Previous</item>
        <item name="nextPage">Next</item>
    </group>
    
    
    <group name="HINTS">
        <item name="invalidRequest">Invalid request</item>
        <item name="accessDenied">Access denied</item>
        <item name="groupIdRequired">Please select a group</item>
        <item name="membershipExists">This user is already member in the selected group</item>
    </group>
    
</dictionary>