<?xml version="1.0" encoding="utf-8" standalone="yes"?>
<dictionary name="dictionary">
	<item name="labelsPageTitle">Newsletter - Campaigns</item>
	<item name="indexViewFilterIsActive">Filtering is active for the current view</item>
	<item name="indexViewFilterSectionSubmit">Find</item>
	<item name="indexViewFilterSectionReset">Reset</item>
	<item name="indexViewNoRecords">No Campaigns in database</item>
	<item name="indexViewNoMatchingRecords">No Campaigns match your criteria</item>
	<item name="indexViewSettingsSectionItemsPerPage">Items per page</item>
	<item name="pagerPage">Page</item>
	<item name="pagerPages">Pages</item>
	<item name="pagerOf">of</item>
	<item name="pagerEntity">Campaigns</item>
	<item name="pagerPreviousPage">Previous</item>
	<item name="pagerNextPage">Next</item>
</dictionary>
