<?xml version="1.0" encoding="utf-8" standalone="yes"?>
<dictionary name="dictionary">
	<item name="labelsBackendHome">Home</item>
	<item name="labelsPermisoBackendUsers">Users</item>
	<item name="labelsPermisoBackendGroups">Groups</item>
	<item name="breadcrumbsTitle">Permiso</item>
	<item name="breadcrumbsUserEntity">Users</item>
	<item name="breadcrumbsGroupEntity">Groups</item>
	<item name="breadcrumbsMembershipEntity">Memberships</item>
	<item name="breadcrumbsMemberEntity">Members</item>
</dictionary>
