<?xml version="1.0" encoding="utf-8" standalone="yes"?>
<dictionary name="dictionary">
	<item name="labelsPageTitle">Proto - Couldies</item>
	<item name="labelsEntityTitle">Proto - Couldies</item>
	<item name="labelsActionsSectionIndex">Show all Couldies</item>
	<item name="labelsActionsSectionInsert">Create new Couldy</item>
	<item name="labelsActionsSectionUpload">Batch Upload</item>
	<item name="labelsActionsSectionAssign">Show Uploads</item>
	<item name="labelsColumnSortHref">Click to sort the list by this column</item>
	<item name="helps_index"/>
	<item name="helps_update"/>
	<item name="helps_insert"/>
	<item name="helps_upload"/>
	<item name="helps_assign"/>
	<item name="indexViewTitle">Overview</item>
	<item name="indexViewBatchDeleteSubmit">Delete selected</item>
	<item name="indexViewBatchUpdateSubmit">Update list</item>
	<item name="indexViewFilterIsActive">Filtering is active for the current view</item>
	<item name="indexViewNoRecords">No Couldies in database</item>
	<item name="indexViewNoMatchingRecords">No Couldies match your criteria</item>
	<item name="indexViewConfirmDelete">Do you really want to delete the selected Couldies?</item>
	<item name="indexViewConfirmUpdate">Do you really want to update all Couldies in the list?</item>
	<item name="indexViewFilterSectionTitle">Filter</item>
	<item name="indexViewFilterSectionSubmit">Find</item>
	<item name="indexViewFilterSectionReset">Reset</item>
	<item name="indexViewSettingsSectionTitle">Settings</item>
	<item name="indexViewSettingsSectionSubmit">Set</item>
	<item name="indexViewSettingsSectionReset">Reset</item>
	<item name="indexViewSettingsSectionItemsPerPage">Items per page</item>
	<item name="indexViewColumnsTitle">Title</item>
	<item name="indexViewColumnsType">Type</item>
	<item name="indexViewColumnsLocked">Locked</item>
	<item name="indexViewColumnsPublish">Publish</item>
	<item name="indexViewColumnsCdate">Created</item>
	<item name="indexViewColumnsSorting">Sorting</item>
	<item name="indexViewColumnsDisplayThis">Homepage</item>
	<item name="formViewInsertTitle">New Couldy</item>
	<item name="formViewUpdateTitle">Update Couldy</item>
	<item name="formViewPayloadNavTitleMain">Overview</item>
	<item name="formViewContentSectionTitleDefault">Content</item>
	<item name="formViewInsertSubmit">Save</item>
	<item name="formViewUpdateSubmit">Save changes</item>
	<item name="formViewInputRequired">Fields marked with red are required</item>
	<item name="formViewFieldsType">Type</item>
	<item name="formViewFieldsLocked">Locked</item>
	<item name="formViewFieldsPublish">Publish</item>
	<item name="formViewFieldsTitle">Title</item>
	<item name="formViewFieldsText">Text</item>
	<item name="formViewFieldsDisplayThis">Show on homepage</item>
	<item name="formViewFieldsTransColor">Transparent Color</item>
	<item name="formViewFieldsTransColorHint">RGB Value (For Gif's and Png's only)</item>
	<item name="formViewFieldsFile1Original">File Upload</item>
	<item name="formViewFieldsFile2Original">File Upload</item>
	<item name="formViewFieldsFile1OriginalHint">Format gif, jpg, doc, xls oder pdf</item>
	<item name="formViewFieldsFile2OriginalHint">Format gif, jpg, doc, xls oder pdf</item>
	<item name="formViewFieldsSorting">Sorting</item>
	<item name="formViewFieldsSortingHint">Smaller numbers appear at the end</item>
	<item name="assignViewAssignFormTitle">Uploads</item>
	<item name="assignViewBatchAssignSubmit">Assign Configured Uploads</item>
	<item name="assignViewBatchUnlinkSubmit">Delete Selected Uploads</item>
	<item name="assignViewNoUploads">No Uploads available</item>
	<item name="assignViewConfirmAssign">Do you really want to assign all configured Uploads in the list?</item>
	<item name="assignViewConfirmUnlink">Do you really want to delete all selected Uploads in the list?</item>
	<item name="assignViewcolumnsName">Name</item>
	<item name="assignViewcolumnsSize">Size</item>
	<item name="assignViewcolumnsType">Type</item>
	<item name="assignViewcolumnsUdate">Uploaded</item>
	<item name="uploadViewUploadFormTitle">Batch Upload</item>
	<item name="pagerPage">Page</item>
	<item name="pagerPages">Pages</item>
	<item name="pagerOf">of</item>
	<item name="pagerEntity">Records</item>
	<item name="pagerPreviousPage">Previous</item>
	<item name="pagerNextPage">Next</item>
	<item name="fieldValsGidNoneSelected">Select group</item>
	<item name="fieldValsDisplayThis0">No</item>
	<item name="fieldValsDisplayThis1">Yes</item>
	<item name="fieldValsTypeNoneSelected">Select Couldy type</item>
	<item name="fieldValsTypeCollector">Collector</item>
	<item name="fieldValsTypeFan">Fan</item>
	<item name="fieldValsFilterByTypeNoneSelected">Filter by type</item>
	<item name="fieldValsFilterByTypeCollector">Collector</item>
	<item name="fieldValsFilterByTypeFan">Fan</item>
	<item name="fieldValsFilterByUidNoneSelected">Filter by owner</item>
	<item name="fieldValsFilterByGidNoneSelected">Filter by group</item>
	<item name="hintsGidRequired">Please select a group</item>
	<item name="hintsTitleRequired">Title: Input required</item>
	<item name="hintsTypeRequired">Type: Input required</item>
	<item name="hintsTransColorInvalid">Transparent Color is an invalid RGB Value</item>
	<item name="hintsFile1OriginalFiletype">Image 1: Wrong format</item>
	<item name="hintsFile1OriginalFilesize">Image 1: Filesize exceeded</item>
</dictionary>
