<?xml version="1.0" encoding="utf-8" standalone="yes"?>
<dictionary name="dictionary">
	<item name="labelsPageTitle">Blog - Files</item>
	<item name="labelsEntityTitle">Blog - Files</item>
	<item name="labelsActionsSectionFileIndex">Show Files</item>
	<item name="labelsActionsSectionFileInsert">Add File to this Post</item>
	<item name="labelsActionsSectionPhotoIndex">Show Photos</item>
	<item name="labelsActionsSectionPhotoInsert">Add Photo to this Post</item>
	<item name="labelsActionsSectionUpload">Batch Upload</item>
	<item name="labelsActionsSectionAssign">Show Uploads</item>
	<item name="labelsListformBatchAssignSubmit">Assign Configured Uploads</item>
	<item name="labelsListformBatchUnlinkSubmit">Delete Selected Uploads</item>
	<item name="labelsListformPhotoTitle">Photos</item>
	<item name="labelsListformFileTitle">Files</item>
	<item name="labelsAssignformTitle">Uploads</item>
	<item name="labelsViewformInsertPhotoTitle">New Photo</item>
	<item name="labelsViewformInsertFileTitle">New File</item>
	<item name="labelsViewformUpdateTitle">Update File</item>
	<item name="labelsViewformUploadTitle">Batch Upload</item>
	<item name="labelsViewformPayloadNavTitleMain">Overview</item>
	<item name="labelsViewformContentSectionTitleDefault">Content</item>
	<item name="labelsViewformInsertSubmit">Save</item>
	<item name="labelsViewformUpdateSubmit">Save changes</item>
	<item name="labelsViewformInputRequired">Fields marked with red are required</item>
	<item name="labelsListformColumnSortHref">Click to sort the list by this column</item>
	<item name="labelsListformBatchDeleteSubmit">Delete selected</item>
	<item name="labelsListformBatchUpdateSubmit">Update list</item>
	<item name="labelsListformFilterIsActive">Filtering is active for the current view</item>
	<item name="labelsListformNoRecords">No Files in database</item>
	<item name="labelsListformNoUploads">No Uploads available</item>
	<item name="labelsListformNoMatchingRecords">No Files match your criteria</item>
	<item name="labelsListformConfirmDelete">Do you really want to delete the selected Files?</item>
	<item name="labelsListformConfirmUpdate">Do you really want to update all Files in the list?</item>
	<item name="labelsListformConfirmAssign">Do you really want to assign all configured Uploads in the list?</item>
	<item name="labelsListformConfirmUnlink">Do you really want to delete all selected Uploads in the list?</item>
	<item name="labelsFilterSectionTitle">Filter</item>
	<item name="labelsFilterSectionSubmit">Find</item>
	<item name="labelsFilterSectionReset">Reset</item>
	<item name="labelsSettingsSectionTitle">Settings</item>
	<item name="labelsSettingsSectionSubmit">Set</item>
	<item name="labelsSettingsSectionReset">Reset</item>
	<item name="labelsSettingsSectionItemsPerPage">Items per page</item>
	<item name="labelsPagerPage">Page</item>
	<item name="labelsPagerPages">Pages</item>
	<item name="labelsPagerOf">of</item>
	<item name="labelsPagerEntity">Photos</item>
	<item name="labelsPagerPreviousPage">Previous</item>
	<item name="labelsPagerNextPage">Next</item>
	<item name="breadcrumbsBlogEntity">Blog</item>
	<item name="breadcrumbsPostEntity">Posts</item>
	<item name="breadcrumbsGalleryFileEntity">Photos</item>
	<item name="breadcrumbsOtherFileEntity">Files</item>
	<item name="helps_index"/>
	<item name="helps_update"/>
	<item name="helps_insert"/>
	<item name="helps_upload"/>
	<item name="helps_assign"/>
	<item name="columnsTitle">Title</item>
	<item name="columnsType">Type</item>
	<item name="columnsLocked">Locked</item>
	<item name="columnsPublish">Publish</item>
	<item name="columnsCdate">Created</item>
	<item name="columnsSorting">Sorting</item>
	<item name="columnsDisplayThis">Homepage</item>
	<item name="columnsFileCount">Images</item>
	<item name="fieldsUri">Copy/Paste URI</item>
	<item name="fieldsPublish">Publish</item>
	<item name="fieldsTitle">Name</item>
	<item name="fieldsTitleHint">Not displayed publicly</item>
	<item name="fieldsMarkup">Caption</item>
	<item name="fieldsFile1OriginalFile">File Upload</item>
	<item name="fieldsFile1OriginalFileHint">Format gif, jpg, doc, xls oder pdf</item>
	<item name="fieldsFile1OriginalPhoto">Photo Upload</item>
	<item name="fieldsFile1OriginalPhotoHint">gif, jpg, png</item>
	<item name="fieldsSorting">Sorting</item>
	<item name="fieldsSortingHint">Smaller numbers appear first</item>
	<!-- array --><item name="fieldValsGidNoneSelected">Select group</item>
	<!-- array --><item name="fieldValsDisplayThis0">No</item>
	<!-- array --><item name="fieldValsDisplayThis1">Yes</item>
	<!-- array --><item name="fieldValsTypeNoneSelected">Select File type</item>
	<!-- array --><item name="fieldValsTypeCollector">Collector</item>
	<!-- array --><item name="fieldValsTypeFan">Fan</item>
	<!-- array --><item name="fieldValsFilterByTypeNoneSelected">Filter by type</item>
	<!-- array --><item name="fieldValsFilterByTypeCollector">Collector</item>
	<!-- array --><item name="fieldValsFilterByTypeFan">Fan</item>
	<!-- array --><item name="fieldValsFilterByUidNoneSelected">Filter by owner</item>
	<!-- array --><item name="fieldValsFilterByGidNoneSelected">Filter by group</item>
	<item name="hintsGidRequired">Please select a group</item>
	<item name="hintsTitleRequired">Title: Input required</item>
	<item name="hintsFile1OriginalRequired">Image 1 is required</item>
	<item name="hintsFile1OriginalFiletype">Image 1: Wrong format</item>
	<item name="hintsFile1OriginalFilesize">Image 1: Filesize exceeded</item>
</dictionary>
