<?xml version="1.0" encoding="utf-8" standalone="yes"?>
<dictionary name="dictionary">
	<item name="labelsPageTitle">Blog - Posts</item>
	<item name="labelsEntityTitle">Blog - Posts</item>
	<item name="labelsActionsSectionIndex">Show Posts</item>
	<item name="labelsActionsSectionInsert">Add Post to this Blog</item>
	<item name="labelsActionsSectionInsertText">Text</item>
	<item name="labelsActionsSectionInsertPhoto">Photo</item>
	<item name="labelsActionsSectionInsertGallery">Gallery</item>
	<item name="labelsActionsSectionInsertQuote">Quote</item>
	<item name="labelsActionsSectionInsertLink">Link</item>
	<item name="labelsActionsSectionInsertAudio">Audio</item>
	<item name="labelsActionsSectionInsertVideo">Video</item>
	<item name="labelsChildActionsSectionCommentsIndex">Show Comments</item>
	<item name="labelsChildActionsSectionCommentsInsert">Add Comment</item>
	<item name="labelsListformTitle">Posts</item>
	<item name="labelsAssignformTitle">Uploads</item>
	<item name="labelsListformGalleryFilesIndex">Photos</item>
	<item name="labelsListformTextpostFilesIndex">Files</item>
	<item name="labelsListformFilesIndex">n/a</item>
	<item name="labelsListformFilesInsert">New</item>
	<item name="labelsListformCommentsIndex">Show Comments</item>
	<item name="labelsListformCommentsInsert">New Comment</item>
	<item name="labelsListformColumnSortHref">Click to sort the list by this column</item>
	<item name="labelsListformBatchDeleteSubmit">Delete selected</item>
	<item name="labelsListformBatchUpdateSubmit">Update list</item>
	<item name="labelsListformFilterIsActive">Filtering is active for the current view</item>
	<item name="labelsListformNoRecords">No Posts in database</item>
	<item name="labelsListformNoMatchingRecords">No Posts match your criteria</item>
	<item name="labelsListformConfirmDelete">Do you really want to delete the selected Posts?</item>
	<item name="labelsListformConfirmUpdate">Do you really want to update all Posts in the list?</item>
	<item name="labelsViewformInsertTitle">New Post</item>
	<item name="labelsViewformUpdateTitle">Update Post</item>
	<item name="labelsViewformPayloadNavTitleMain">Overview</item>
	<item name="labelsViewformContentSectionTitleDefault">Content</item>
	<item name="labelsViewformInsertSubmit">Save</item>
	<item name="labelsViewformUpdateSubmit">Save changes</item>
	<item name="labelsViewformInputRequired">Fields marked with red are required</item>
	<item name="labelsFilterSectionTitle">Filter</item>
	<item name="labelsFilterSectionSubmit">Find</item>
	<item name="labelsFilterSectionReset">Reset</item>
	<item name="labelsSettingsSectionTitle">Settings</item>
	<item name="labelsSettingsSectionSubmit">Set</item>
	<item name="labelsSettingsSectionReset">Reset</item>
	<item name="labelsSettingsSectionItemsPerPage">Items per page</item>
	<item name="labelsPagerPage">Page</item>
	<item name="labelsPagerPages">Pages</item>
	<item name="labelsPagerOf">of</item>
	<item name="labelsPagerEntity">Posts</item>
	<item name="labelsPagerPreviousPage">Previous</item>
	<item name="labelsPagerNextPage">Next</item>
	<item name="breadcrumbsBlogEntity">Blog</item>
	<item name="breadcrumbsPostEntity">Posts</item>
	<item name="formtextviewPageTitle">Blog - Text Post</item>
	<item name="formtextviewInsertTitle">New Text Post</item>
	<item name="formtextviewUpdateTitle">Update Text Post</item>
	<item name="formtextviewInsertSubmit">Save</item>
	<item name="formtextviewUpdateSubmit">Save changes</item>
	<item name="formtextviewContentSectionTitleDefault">Content</item>
	<item name="formtextviewPayloadNavTitleMain">Overview</item>
	<item name="formtextviewMetaSectionTitle">Settings</item>
	<item name="formtextviewChildActionsSectionFilesIndex">Show Files</item>
	<item name="formtextviewChildActionsSectionFilesInsert">Add File</item>
	<item name="formtextviewfieldsPublish">Publish</item>
	<item name="formtextviewfieldsTitle">Title</item>
	<item name="formtextviewfieldsMarkup">Body</item>
	<item name="formphotoviewPageTitle">Blog - Photo Post</item>
	<item name="formphotoviewInsertTitle">New Photo Post</item>
	<item name="formphotoviewUpdateTitle">Update Photo Post</item>
	<item name="formphotoviewInsertSubmit">Save</item>
	<item name="formphotoviewUpdateSubmit">Save changes</item>
	<item name="formphotoviewContentSectionTitleDefault">Content</item>
	<item name="formphotoviewPayloadNavTitleMain">Overview</item>
	<item name="formphotoviewMetaSectionTitle">Settings</item>
	<item name="formphotoviewfieldsPublish">Publish</item>
	<item name="formphotoviewfieldsMarkup">Caption</item>
	<item name="formphotoviewfieldsUrl">Clickthrough URL</item>
	<item name="formphotoviewfieldsFile1Original">Photo Upload</item>
	<item name="formphotoviewfieldsFile1OriginalHint">gif, jpg, png</item>
	<item name="formgalleryviewPageTitle">Blog - Gallery Post</item>
	<item name="formgalleryviewInsertTitle">New Gallery Post</item>
	<item name="formgalleryviewUpdateTitle">Update Gallery Post</item>
	<item name="formgalleryviewInsertSubmit">Save</item>
	<item name="formgalleryviewUpdateSubmit">Save changes</item>
	<item name="formgalleryviewContentSectionTitleDefault">Content</item>
	<item name="formgalleryviewPayloadNavTitleMain">Overview</item>
	<item name="formgalleryviewMetaSectionTitle">Settings</item>
	<item name="formgalleryviewChildActionsSectionFilesIndex">Show Photos</item>
	<item name="formgalleryviewChildActionsSectionFilesInsert">Add Photo</item>
	<item name="formgalleryviewfieldsPublish">Publish</item>
	<item name="formgalleryviewfieldsTitle">Title</item>
	<item name="formgalleryviewfieldsMarkup">Description</item>
	<item name="formgalleryviewfieldsFile1Original">Photo Upload</item>
	<item name="formgalleryviewfieldsFile1OriginalHint">gif, jpg, png</item>
	<item name="formquoteviewPageTitle">Blog - Quote Post</item>
	<item name="formquoteviewInsertTitle">New Quote Post</item>
	<item name="formquoteviewUpdateTitle">Update Quote Post</item>
	<item name="formquoteviewInsertSubmit">Save</item>
	<item name="formquoteviewUpdateSubmit">Save changes</item>
	<item name="formquoteviewContentSectionTitleDefault">Content</item>
	<item name="formquoteviewPayloadNavTitleMain">Overview</item>
	<item name="formquoteviewMetaSectionTitle">Settings</item>
	<item name="formquoteviewfieldsPublish">Publish</item>
	<item name="formquoteviewfieldsTitle">Source</item>
	<item name="formquoteviewfieldsMarkup">Quote</item>
	<item name="formlinkviewPageTitle">Blog - Link Post</item>
	<item name="formlinkviewInsertTitle">New Link Post</item>
	<item name="formlinkviewUpdateTitle">Update Link Post</item>
	<item name="formlinkviewInsertSubmit">Save</item>
	<item name="formlinkviewUpdateSubmit">Save changes</item>
	<item name="formlinkviewContentSectionTitleDefault">Content</item>
	<item name="formlinkviewPayloadNavTitleMain">Overview</item>
	<item name="formlinkviewMetaSectionTitle">Settings</item>
	<item name="formlinkviewfieldsPublish">Publish</item>
	<item name="formlinkviewfieldsTitle">Name</item>
	<item name="formlinkviewfieldsMarkup">Description</item>
	<item name="formlinkviewfieldsUrl">URL</item>
	<item name="formaudioviewPageTitle">Blog - Audio Post</item>
	<item name="formaudioviewInsertTitle">New Audio Post</item>
	<item name="formaudioviewUpdateTitle">Update Audio Post</item>
	<item name="formaudioviewInsertSubmit">Save</item>
	<item name="formaudioviewUpdateSubmit">Save changes</item>
	<item name="formaudioviewContentSectionTitleDefault">Content</item>
	<item name="formaudioviewPayloadNavTitleMain">Overview</item>
	<item name="formaudioviewMetaSectionTitle">Settings</item>
	<item name="formaudioviewfieldsPublish">Publish</item>
	<item name="formaudioviewfieldsMarkup">Description</item>
	<item name="formaudioviewfieldsFile1Original">Audio File Upload</item>
	<item name="formaudioviewfieldsFile1OriginalHint">mp3</item>
	<item name="formvideoviewPageTitle">Blog - Video Post</item>
	<item name="formvideoviewInsertTitle">New Video Post</item>
	<item name="formvideoviewUpdateTitle">Update Video Post</item>
	<item name="formvideoviewInsertSubmit">Save</item>
	<item name="formvideoviewUpdateSubmit">Save changes</item>
	<item name="formvideoviewContentSectionTitleDefault">Content</item>
	<item name="formvideoviewPayloadNavTitleMain">Overview</item>
	<item name="formvideoviewMetaSectionTitle">Settings</item>
	<item name="formvideoviewfieldsPublish">Publish</item>
	<item name="formvideoviewfieldsTitle">Name</item>
	<item name="formvideoviewfieldsTitleHint">Not displayed publicly</item>
	<item name="formvideoviewfieldsMarkup">Caption</item>
	<item name="formvideoviewfieldsEmbedTag">Embed-Tag</item>
	<item name="helps_index"/>
	<item name="helps_update"/>
	<item name="helps_insert"/>
	<item name="columnsTitle">Title</item>
	<item name="columnsType">Type</item>
	<item name="columnsLocked">Locked</item>
	<item name="columnsPublish">Publish</item>
	<item name="columnsCdate">Created</item>
	<item name="columnsSorting">Sorting</item>
	<item name="columnsDisplayThis">Homepage</item>
	<item name="columnsCommentAction">Comments</item>
	<item name="columnsFileAction">Files</item>
	<item name="fieldsType">Type</item>
	<item name="fieldsLocked">Locked</item>
	<item name="fieldsPublish">Publish</item>
	<item name="fieldsTitle">Title</item>
	<item name="fieldsMarkup">Text</item>
	<item name="fieldsDisplayThis">Show on homepage</item>
	<item name="fieldsTransColor">Transparent Color</item>
	<item name="fieldsTransColorHint">RGB Value (For Gif's and Png's only)</item>
	<item name="fieldsFile1Original">File Upload</item>
	<item name="fieldsFile2Original">File Upload</item>
	<item name="fieldsFile1OriginalHint">Format gif, jpg, doc, xls oder pdf</item>
	<item name="fieldsFile2OriginalHint">Format gif, jpg, doc, xls oder pdf</item>
	<item name="fieldsSorting">Sorting</item>
	<item name="fieldsSortingHint">Smaller numbers appear at the end</item>
	<!-- array --><item name="fieldValsGidNoneSelected">Select group</item>
	<!-- array --><item name="fieldValsFilterByTypeNoneSelected">Filter by type</item>
	<!-- array --><item name="fieldValsFilterByTypeMarkup">Text</item>
	<!-- array --><item name="fieldValsFilterByTypePhoto">Photo</item>
	<!-- array --><item name="fieldValsFilterByTypeGallery">Gallery</item>
	<!-- array --><item name="fieldValsFilterByTypeQuote">Quote</item>
	<!-- array --><item name="fieldValsFilterByTypeLink">Link</item>
	<!-- array --><item name="fieldValsFilterByTypeAudio">Audio</item>
	<!-- array --><item name="fieldValsFilterByTypeVideo">Video</item>
	<item name="textposthintsGidRequired">Please select a group</item>
	<item name="textposthintsTitleRequired">Title: Input required</item>
	<item name="textposthintsMarkupRequired">Text: Input required</item>
	<item name="photoposthintsGidRequired">Please select a group</item>
	<item name="photoposthintsFile1OriginalRequired">Photo required</item>
	<item name="photoposthintsFile1OriginalFiletype">Photo: Wrong format</item>
	<item name="photoposthintsFile1OriginalFilesize">Photo: Filesize exceeded</item>
	<item name="galleryposthintsGidRequired">Please select a group</item>
	<item name="galleryposthintsTitleRequired">Title: Input required</item>
	<item name="galleryposthintsMarkupRequired">Text: Input required</item>
	<item name="galleryposthintsFile1OriginalRequired">Photo required</item>
	<item name="galleryposthintsFile1OriginalFiletype">Photo: Wrong format</item>
	<item name="galleryposthintsFile1OriginalFilesize">Photo: Filesize exceeded</item>
	<item name="quoteposthintsGidRequired">Please select a group</item>
	<item name="quoteposthintsMarkupRequired">Quote: Input required</item>
	<item name="linkposthintsGidRequired">Please select a group</item>
	<item name="linkposthintsUrlRequired">URL: Input required</item>
	<item name="linkposthintsTitleRequired">Title: Input required</item>
	<item name="audioposthintsGidRequired">Please select a group</item>
	<item name="audioposthintsFile1OriginalRequired">Audio File required</item>
	<item name="audioposthintsFile1OriginalFiletype">Audio File: Wrong format</item>
	<item name="audioposthintsFile1OriginalFilesize">Audio File: Filesize exceeded</item>
	<item name="videoposthintsGidRequired">Please select a group</item>
	<item name="videoposthintsTitleRequired">Name: Input required</item>
	<item name="videoposthintsEmbedTagRequired">Embed-Tag: Input required</item>
</dictionary>
