<?xml version="1.0" encoding="utf-8" standalone="yes"?>
<dictionary name="dictionary">
	<item name="countriesDz">Algeria</item>
	<item name="countriesAr">Argentina</item>
	<item name="countriesAu">Australia</item>
	<item name="countriesBe">Belgium</item>
	<item name="countriesBr">Brazil</item>
	<item name="countriesBg">Bulgaria</item>
	<item name="countriesCl">Chile</item>
	<item name="countriesCn">China</item>
	<item name="countriesTw">Taiwan</item>
	<item name="countriesDk">Denmark</item>
	<item name="countriesDe">Germany</item>
	<item name="countriesFi">Finland</item>
	<item name="countriesFr">France</item>
	<item name="countriesGr">Greece</item>
	<item name="countriesGb">Great Britain</item>
	<item name="countriesHk">Hong Kong</item>
	<item name="countriesIn">India</item>
	<item name="countriesIe">Ireland</item>
	<item name="countriesIs">Iceland</item>
	<item name="countriesIl">Israel</item>
	<item name="countriesIt">Italy</item>
	<item name="countriesJp">Japan</item>
	<item name="countriesCa">Canada</item>
	<item name="countriesCo">Colombia</item>
	<item name="countriesKr">South Korea</item>
	<item name="countriesHr">Croatia</item>
	<item name="countriesLv">Latvia</item>
	<item name="countriesLu">Luxembourg</item>
	<item name="countriesMy">Malaysia</item>
	<item name="countriesMa">Morocco</item>
	<item name="countriesNz">New Zealand</item>
	<item name="countriesNl">Netherlands</item>
	<item name="countriesNo">Norway</item>
	<item name="countriesAt">Austria</item>
	<item name="countriesPe">Peru</item>
	<item name="countriesPh">Philippines</item>
	<item name="countriesPl">Poland</item>
	<item name="countriesPt">Portugal</item>
	<item name="countriesRo">Romania</item>
	<item name="countriesRu">Russian Federation</item>
	<item name="countriesSe">Sweden</item>
	<item name="countriesCs">Serbia / Montenegro</item>
	<item name="countriesSg">Singapur</item>
	<item name="countriesSk">Slovak Republic</item>
	<item name="countriesSi">Slovenia</item>
	<item name="countriesEs">Spain</item>
	<item name="countriesZa">South Africa</item>
	<item name="countriesTh">Thailand</item>
	<item name="countriesCz">Czech Republic</item>
	<item name="countriesTn">Tunisia</item>
	<item name="countriesTr">Turkey</item>
	<item name="countriesUa">Ukraine</item>
	<item name="countriesHu">Hungary</item>
	<item name="countriesUs">United States of America</item>
	<item name="countriesCh">Switzerland</item>
	<item name="hintsInvalidRequest">Invalid request</item>
	<item name="hintsTimezoneRequired">Timezone: input required</item>
	<item name="hintsFirstnameRequired">First Name: input required</item>
	<item name="hintsLastnameRequired">Last Name: input required</item>
	<item name="hintsNameExists">Username/E-Mail already taken</item>
	<item name="hintsNameRequired">E-Mail: input required</item>
	<item name="hintsNameValidEmailRequired">Valid E-Mail address required</item>
	<item name="hintsNicknameExists">Nickname already taken</item>
	<item name="hintsNicknameRequired">Nickname: input required</item>
	<item name="hintsPasswordRequired">Password: input required</item>
	<item name="hintsPasswordsDontMatch">Passwords don't match</item>
	<item name="hintsPasswordTooShort">Password is too short</item>
	<item name="hintsCountryRequired">Country is required</item>
	<item name="hintsAvatarOriginalFiletype">Avatar: Wrong format</item>
	<item name="hintsAvatarOriginalFilesize">Avatar: Filesize exceeded</item>
</dictionary>
