<?xml version="1.0" encoding="utf-8" standalone="yes"?>
<dictionary name="dictionary">
	<item name="labelsBackendHome">Home</item>
	<item name="labelsSitemapBackend">Sitemap</item>
	<item name="labelsEntityTitle">Sitemap</item>
	<item name="labelsActionsSearch">Suchen</item>
	<item name="labelsActionsBack">Zurück</item>
	<item name="labelsActionsList">Elemente</item>
	<item name="labelsActionsNewSnippet">Snippet</item>
	<item name="labelsActionsNewFile">File</item>
	<item name="labelsActionsNewPage">Page</item>
	<item name="labelsActionsNewMask">Maske</item>
	<item name="labelsActionsNewLayer">Ebene</item>
	<item name="labelsChildActionsListFiles">Files anzeigen</item>
	<item name="labelsChildActionsInsertFile">File hinzufügen</item>
	<item name="labelsViewformNewSnippetTitle">Neues Snippet</item>
	<item name="labelsViewformNewFileTitle">Neues File</item>
	<item name="labelsViewformNewPageTitle">Neue Page</item>
	<item name="labelsViewformNewMaskTitle">Neue Maske</item>
	<item name="labelsViewformNewLayerTitle">Neue Ebene</item>
	<item name="labelsViewformUpdateSnippetTitle">Snippet bearbeiten</item>
	<item name="labelsViewformUpdateFileTitle">File bearbeiten</item>
	<item name="labelsViewformUpdatePageTitle">Page bearbeiten</item>
	<item name="labelsViewformUpdateMaskTitle">Maske bearbeiten</item>
	<item name="labelsViewformUpdateLayerTitle">Ebene bearbeiten</item>
	<item name="labelsViewformCpyPasteUriTitle">Kopieren / Einsetzen</item>
	<item name="labelsViewformPayloadNavTitleMain">Einstellungen</item>
	<item name="labelsViewformContentSectionTitleDefault">Inhalt</item>
	<item name="labelsViewformDescription">Vermerke</item>
	<item name="labelsViewformInsertSubmit">Sichern</item>
	<item name="labelsViewformUpdateSubmit">Änderungen sichern</item>
	<item name="labelsViewformInputRequired">Mit rot markierte Felder müssen ausgefüllt werden</item>
	<item name="labelsListformRootTitle">Elemente</item>
	<item name="labelsListformTitle">Elemente</item>
	<item name="labelsListformElementActionTitleFiles">Files/Snippets</item>
	<item name="labelsListformElementActionTitle">Elemente</item>
	<item name="labelsListformElementActionUpdate">Bearbeiten</item>
	<item name="labelsListformElementActionChildIndex">Elemente</item>
	<item name="labelsListformElementActionNewSnippet">Neues Snippet</item>
	<item name="labelsListformElementActionNewFile">Neues File</item>
	<item name="labelsListformElementActionNewPage">Neue Page</item>
	<item name="labelsListformElementActionNewMask">Neue Maske</item>
	<item name="labelsListformElementActionNewLayer">Neue Ebene</item>
	<item name="labelsListformColumnSortHref">Liste nach dieser Spalte sortieren</item>
	<item name="labelsListformBatchDeleteSubmit">Einträge löschen</item>
	<item name="labelsListformBatchUpdateSubmit">Liste aktualisieren</item>
	<item name="labelsListformFilterIsActive">Für die aktuelle Ansicht ist der Filter aktiviert</item>
	<item name="labelsListformNoRecords">Keine Elemente in der Datenbank</item>
	<item name="labelsListformNoMatchingRecords">Es konnten keine Elemente gefunden werden</item>
	<item name="labelsListformConfirmDelete">Wollen Sie wirklich alle angewählten Elemente löschen?</item>
	<item name="labelsListformConfirmUpdate">Wollen Sie wirklich alle geänderten Elemente aktualisieren?</item>
	<item name="labelsSearchFormTitle">Suche</item>
	<item name="labelsSearchFormSubmit">Jetzt finden</item>
	<item name="labelsSearchFormReset">Reset</item>
	<item name="labelsFilterSectionTitle">Filter</item>
	<item name="labelsFilterSectionSubmit">Finde</item>
	<item name="labelsFilterSectionReset">Reset</item>
	<item name="labelsSettingsSectionTitle">Einstellungen</item>
	<item name="labelsSettingsSectionSubmit">Speichern</item>
	<item name="labelsSettingsSectionReset">Reset</item>
	<item name="labelsSettingsSectionItemsPerPage">Einträge pro Seite</item>
	<item name="labelsPagerPage">Seite</item>
	<item name="labelsPagerPages">Seiten</item>
	<item name="labelsPagerOf">von</item>
	<item name="labelsPagerEntity">Einträgen</item>
	<item name="labelsPagerPreviousPage">Vorherige</item>
	<item name="labelsPagerNextPage">Nächste</item>
	<item name="helpsIndex"/>
	<item name="helpsUpdateSnippet"/>
	<item name="helpsUpdateFile"/>
	<item name="helpsUpdatePage"/>
	<item name="helpsUpdateMask"/>
	<item name="helpsUpdateLayer"/>
	<item name="helpsNewSnippet"/>
	<item name="helpsNewFile"/>
	<item name="helpsNewPage"/>
	<item name="helpsNewMask"/>
	<item name="helpsNewLayer"/>
	<item name="helpsSearch"/>
	<item name="breadcrumbsPageEntity">Sitemap</item>
	<item name="columnsLocked">Gesperrt</item>
	<item name="columnsEnabled">Aktiviert</item>
	<item name="columnsCdate">Erstellt</item>
	<item name="columnsKeyword">Keyword</item>
	<item name="columnsType">Typ</item>
	<item name="columnsTitle">Titel</item>
	<item name="columnsIndexAction">Aktionen</item>
	<item name="columnsFileAction">Files</item>
	<item name="columnsSectionAction">Sektionen</item>
	<item name="fieldsType">Typ</item>
	<item name="fieldsKeyword">Keyword</item>
	<item name="fieldsTitle">Pagetitle</item>
	<item name="fieldsMetaKeywords">Meta Keywords</item>
	<item name="fieldsMetaDescription">Meta Description</item>
	<item name="fieldsDescription">wird nicht angezeigt</item>
	<item name="fieldsHtml">Seiteninhalt</item>
	<item name="fieldsTransColor">Transparente Farbe</item>
	<item name="fieldsTransColorHint">RGB Wert (Nur bei Gif's und Png's)</item>
	<item name="fieldsFile1Original">File Upload</item>
	<item name="fieldsFile1OriginalHint">gif, jpg, png, js, xml, doc, xls oder pdf</item>
	<item name="fieldsCpyPasteUri">Adresse</item>
	<!-- array --><item name="fieldValsGidNoneSelected">Select group</item>
	<!-- array --><item name="fieldValsFilterByTypeNoneSelected">Nach Typ</item>
	<!-- array --><item name="fieldValsFilterByTypeFile">File</item>
	<!-- array --><item name="fieldValsFilterByTypePage">Page</item>
	<!-- array --><item name="fieldValsFilterByTypeLayer">Ebene</item>
	<!-- array --><item name="fieldValsFilterByTypeSnippet">Snippet</item>
	<!-- array --><item name="fieldValsSearchByTypeNoneSelected">Nach Typ</item>
	<!-- array --><item name="fieldValsSearchByTypeFile">File</item>
	<!-- array --><item name="fieldValsSearchByTypePage">Page</item>
	<!-- array --><item name="fieldValsSearchByTypeLayer">Ebene</item>
	<!-- array --><item name="fieldValsSearchByTypeSnippet">Snippet</item>
	<item name="hintsTypeRequired">Typ: Eingabe benötigt</item>
	<item name="hintsKeywordExists">Dieses Keyword existiert bereits</item>
	<item name="hintsKeywordRequired">Keyword: Eingabe benötigt</item>
	<item name="hintsKeywordInvalid">Keyword: Das Keyword kann nur A-Z, a-z, 0-9 und _ enthalten</item>
	<item name="hintsKeywordUnauthorized">Das Keyword kann nur vom Administrator geändert werden</item>
	<item name="hintsTypeUnauthorized">Der Typ kann nur vom Administrator geändert werden</item>
	<item name="hintsTransColorInvalid">Ungültiger RGB Wert für Feld: Transparente Farbe</item>
	<item name="hintsFile1OriginalRequired">Bitte File auswählen</item>
	<item name="hintsFile1OriginalFiletype">File Upload: Falsches Format</item>
	<item name="hintsFile1OriginalFilesize">File Upload: Zulässige Dateigrösse überschritten</item>
</dictionary>
