<?xml version="1.0" encoding="utf-8" standalone="yes"?>
<dictionary name="dictionary">
	<item name="labelsPageTitle">Permiso - Members</item>
	<item name="labelsEntityTitle">Permiso - Members</item>
	<item name="labelsActionsSectionIndex">Show all Members</item>
	<item name="labelsActionsSectionInsert">Add new Member</item>
	<item name="labelsColumnSortHref">Click to sort the list by this column</item>
	<item name="helps_index"/>
	<item name="helps_update"/>
	<item name="helps_insert"/>
	<item name="indexViewTitle">Overview</item>
	<item name="indexViewBatchDeleteSubmit">Delete selected</item>
	<item name="indexViewBatchUpdateSubmit">Update list</item>
	<item name="indexViewFilterIsActive">Filtering is active for the current view</item>
	<item name="indexViewNoRecords">No Members in database</item>
	<item name="indexViewNoMatchingRecords">No Members match your criteria</item>
	<item name="indexViewConfirmDelete">Do you really want to delete the selected Members?</item>
	<item name="indexViewConfirmUpdate">Do you really want to update all Members in the list?</item>
	<item name="indexViewFilterSectionTitle">Filter</item>
	<item name="indexViewFilterSectionSubmit">Find</item>
	<item name="indexViewFilterSectionReset">Reset</item>
	<item name="indexViewSettingsSectionTitle">Settings</item>
	<item name="indexViewSettingsSectionSubmit">Set</item>
	<item name="indexViewSettingsSectionReset">Reset</item>
	<item name="indexViewSettingsSectionItemsPerPage">Items per page</item>
	<item name="indexViewColumnsName">Name</item>
	<item name="indexViewColumnsNickname">Nickname</item>
	<item name="indexViewColumnsFirstname">Firstname</item>
	<item name="indexViewColumnsLastname">Lastname</item>
	<item name="indexViewColumnsLocked">Locked</item>
	<item name="formViewInsertTitle">New Member</item>
	<item name="formViewUpdateTitle">Update Member</item>
	<item name="formViewInsertSubmit">Save</item>
	<item name="formViewUpdateSubmit">Save changes</item>
	<item name="formViewFieldsUserId">User</item>
	<item name="formViewFieldsLocked">Locked</item>
	<item name="pagerPage">Page</item>
	<item name="pagerPages">Pages</item>
	<item name="pagerOf">of</item>
	<item name="pagerEntity">Records</item>
	<item name="pagerPreviousPage">Previous</item>
	<item name="pagerNextPage">Next</item>
	<!-- array --><item name="fieldValsUserIdNoneSelected">Select user</item>
	<item name="hintsInvalidRequest">Invalid request</item>
	<item name="hintsAccessDenied">Access denied</item>
	<item name="hintsUserIdRequired">Please select a user</item>
	<item name="hintsMembershipExists">The selected user is already member in this group</item>
</dictionary>
