<?xml version="1.0" encoding="utf-8" standalone="yes" ?>

<dictionary name="dictionary">
	
    <group name="LABELS">
        <item name="pageTitle">Buddies - Members</item>
        <item name="entityTitle">Buddies - Members</item>
        <item name="actionsSectionIndex">Show all Members</item>
        <item name="actionsSectionInsert">Add new Member</item>
        <item name="columnSortHref">Click to sort the list by this column</item>
    </group>
    
    
    <group name="HELPS">
        <item name="_index"> </item>
        <item name="_update"> </item>
        <item name="_insert"> </item>
    </group>
    
    
    <group name="INDEXVIEW">
        <item name="title">Overview</item>
        <item name="batchDeleteSubmit">Delete selected</item>
        <item name="batchUpdateSubmit">Update list</item>
        <item name="filterIsActive">Filtering is active for the current view</item>
        <item name="noRecords">No Members in database</item>
        <item name="noMatchingRecords">No Members match your criteria</item>
        <item name="confirmDelete">Do you really want to delete the selected Members?</item>
        <item name="confirmUpdate">Do you really want to update all Members in the list?</item>
        <item name="filterSectionTitle">Filter</item>
        <item name="filterSectionSubmit">Find</item>
        <item name="filterSectionReset">Reset</item>
        <item name="settingsSectionTitle">Settings</item>
        <item name="settingsSectionSubmit">Set</item>
        <item name="settingsSectionReset">Reset</item>
        <item name="settingsSectionItemsPerPage">Items per page</item>
    </group>
    
    
    <group name="INDEXVIEWCOLUMNS">
        <item name="name">Name</item>
        <item name="nickname">Nickname</item>
        <item name="firstname">Firstname</item>
        <item name="lastname">Lastname</item>
        <item name="locked">Locked</item>
    </group>
    
    
    <group name="FORMVIEW">
        <item name="insertTitle">New Member</item>
        <item name="updateTitle">Update Member</item>
        <item name="insertSubmit">Save</item>
        <item name="updateSubmit">Save changes</item>
    </group>
    
    
    <group name="FORMVIEWFIELDS">
        <item name="userId">User</item>
        <item name="locked">Locked</item>
    </group>
    
    
    <group name="PAGER">
        <item name="page">Page</item>
        <item name="pages">Pages</item>
        <item name="of">of</item>
        <item name="entity">Records</item>
        <item name="previousPage">Previous</item>
        <item name="nextPage">Next</item>
    </group>
	
	
    <group name="FIELDVALS">
        <group name="userId">
            <item name="noneSelected">Select user</item>
        </group>
    </group>
    
    
    <group name="HINTS">
        <item name="invalidRequest">Invalid request</item>
        <item name="accessDenied">Access denied</item>
        <item name="userIdRequired">Please select a user</item>
        <item name="membershipExists">The selected user is already member in this group</item>
    </group>
    
</dictionary>