<?xml version="1.0" encoding="utf-8" standalone="yes"?>
<dictionary name="dictionary">
	<item name="labelsPageTitle">Blog - Comments</item>
	<item name="labelsEntityTitle">Blog - Comments</item>
	<item name="labelsActionsSectionIndex">Show Comments</item>
	<item name="labelsActionsSectionInsert">Add Comment to this Post</item>
	<item name="labelsListformTitle">Comments</item>
	<item name="labelsAssignformTitle">Uploads</item>
	<item name="labelsViewformInsertTitle">New Comment</item>
	<item name="labelsViewformUpdateTitle">Update Comment</item>
	<item name="labelsViewformPayloadNavTitleMain">Overview</item>
	<item name="labelsViewformContentSectionTitleDefault">Content</item>
	<item name="labelsViewformInsertSubmit">Save</item>
	<item name="labelsViewformUpdateSubmit">Save changes</item>
	<item name="labelsViewformInputRequired">Fields marked with red are required</item>
	<item name="labelsListformColumnSortHref">Click to sort the list by this column</item>
	<item name="labelsListformBatchDeleteSubmit">Delete selected</item>
	<item name="labelsListformBatchUpdateSubmit">Update list</item>
	<item name="labelsListformFilterIsActive">Filtering is active for the current view</item>
	<item name="labelsListformNoRecords">No Comments in database</item>
	<item name="labelsListformNoMatchingRecords">No Comments match your criteria</item>
	<item name="labelsListformConfirmDelete">Do you really want to delete the selected Comments?</item>
	<item name="labelsListformConfirmUpdate">Do you really want to update all Comments in the list?</item>
	<item name="labelsFilterSectionTitle">Filter</item>
	<item name="labelsFilterSectionSubmit">Find</item>
	<item name="labelsFilterSectionReset">Reset</item>
	<item name="labelsSettingsSectionTitle">Settings</item>
	<item name="labelsSettingsSectionSubmit">Set</item>
	<item name="labelsSettingsSectionReset">Reset</item>
	<item name="labelsSettingsSectionItemsPerPage">Items per page</item>
	<item name="labelsPagerPage">Page</item>
	<item name="labelsPagerPages">Pages</item>
	<item name="labelsPagerOf">of</item>
	<item name="labelsPagerEntity">Records</item>
	<item name="labelsPagerPreviousPage">Previous</item>
	<item name="labelsPagerNextPage">Next</item>
	<item name="breadcrumbsBlogEntity">Blog</item>
	<item name="breadcrumbsPostEntity">Posts</item>
	<item name="breadcrumbsCommentEntity">Comments</item>
	<item name="helps_index"/>
	<item name="helps_update"/>
	<item name="helps_insert"/>
	<item name="columnsName">Name</item>
	<item name="columnsFirstname">Firstname</item>
	<item name="columnsLastname">Lastname</item>
	<item name="columnsComment">Comment</item>
	<item name="columnsApprove">Approve</item>
	<item name="columnsCdate">Created</item>
	<item name="fieldsComment">Comment</item>
	<item name="fieldsApprove">Approve</item>
	<item name="fieldsCdate">Created</item>
	<!-- array --><item name="fieldValsGidNoneSelected">Select group</item>
	<item name="hintsGidRequired">Please select a group</item>
	<item name="hintsCommentRequired">Comment: Input required</item>
</dictionary>
