<?xml version="1.0" encoding="utf-8" standalone="yes" ?>

<dictionary name="dictionary">
	
	<group name="STATUS">
		<item name="okSend">Message has been sent successfully</item>
		<item name="errorSend">Message could not be sent</item>
    </group>
    
    
    <group name="HINTS">
		<item name="firstnameRequired">Bitte eingeben: Vorname</item>
		<item name="lastnameRequired">Bitte eingeben: Nachname</item>
		<item name="emailRequired">Bitte geben Sie eine gültige Emailadresse an</item>
    </group>
    
</dictionary>